cluster,title,slug,difficulty,primary_keyword
Fundamentals & Math,Degree of a joint,degree-of-a-joint,2,degree of a joint in robotics / how degree of a joint works
Fundamentals & Math,Configuration space,configuration-space,2,configuration space in robotics / how configuration space works
Fundamentals & Math,Workspace of a robot,workspace-of-a-robot,2,workspace of a robot in robotics / how workspace of a robot works
Fundamentals & Math,Task space vs joint space,task-space-vs-joint-space,2,task space vs joint space in robotics / how task space vs joint space works
Fundamentals & Math,Rotation matrix,rotation-matrix,2,rotation matrix in robotics / how rotation matrix works
Fundamentals & Math,Euler angles,euler-angles,2,euler angles in robotics / how euler angles works
Fundamentals & Math,Roll pitch yaw,roll-pitch-yaw,2,roll pitch yaw in robotics / how roll pitch yaw works
Fundamentals & Math,Homogeneous transformation matrix,homogeneous-transformation-matrix,2,homogeneous transformation matrix in robotics / how homogeneous transformation matrix works
Fundamentals & Math,Rigid body transform,rigid-body-transform,2,rigid body transform in robotics / how rigid body transform works
Fundamentals & Math,Screw theory,screw-theory,2,screw theory in robotics / how screw theory works
Fundamentals & Math,Twist and wrench,twist-and-wrench,2,twist and wrench in robotics / how twist and wrench works
Fundamentals & Math,Angular velocity,angular-velocity,2,angular velocity in robotics / how angular velocity works
Fundamentals & Math,Linear velocity,linear-velocity,2,linear velocity in robotics / how linear velocity works
Fundamentals & Math,Coordinate frame,coordinate-frame,2,coordinate frame in robotics / how coordinate frame works
Fundamentals & Math,Right-hand rule,right-hand-rule,2,right-hand rule in robotics / how right-hand rule works
Fundamentals & Math,Reference frame,reference-frame,2,reference frame in robotics / how reference frame works
Fundamentals & Math,Pose in robotics,pose-in-robotics,2,pose in robotics in robotics / how pose in robotics works
Fundamentals & Math,SE(3) and SO(3),se3-and-so3,2,se(3) and so(3) in robotics / how se(3) and so(3) works
Fundamentals & Math,Rotation about an axis,rotation-about-an-axis,2,rotation about an axis in robotics / how rotation about an axis works
Fundamentals & Math,Transformation tree,transformation-tree,2,transformation tree in robotics / how transformation tree works
Fundamentals & Math,Kinematic chain,kinematic-chain,2,kinematic chain in robotics / how kinematic chain works
Fundamentals & Math,Serial vs parallel manipulator,serial-vs-parallel-manipulator,2,serial vs parallel manipulator in robotics / how serial vs parallel manipulator works
Fundamentals & Math,Redundant manipulator,redundant-manipulator,2,redundant manipulator in robotics / how redundant manipulator works
Fundamentals & Math,Manipulability ellipsoid,manipulability-ellipsoid,2,manipulability ellipsoid in robotics / how manipulability ellipsoid works
Fundamentals & Math,Workspace singularity,workspace-singularity,2,workspace singularity in robotics / how workspace singularity works
Fundamentals & Math,Wrist singularity,wrist-singularity,2,wrist singularity in robotics / how wrist singularity works
Fundamentals & Math,Dynamics of a robot,dynamics-of-a-robot,2,dynamics of a robot in robotics / how dynamics of a robot works
Fundamentals & Math,Newton-Euler dynamics,newton-euler-dynamics,2,newton-euler dynamics in robotics / how newton-euler dynamics works
Fundamentals & Math,Lagrangian dynamics,lagrangian-dynamics,2,lagrangian dynamics in robotics / how lagrangian dynamics works
Fundamentals & Math,Equations of motion,equations-of-motion,2,equations of motion in robotics / how equations of motion works
Fundamentals & Math,Inertia tensor,inertia-tensor,2,inertia tensor in robotics / how inertia tensor works
Fundamentals & Math,Center of mass,center-of-mass,2,center of mass in robotics / how center of mass works
Fundamentals & Math,Coriolis forces,coriolis-forces,2,coriolis forces in robotics / how coriolis forces works
Fundamentals & Math,Centrifugal force in robots,centrifugal-force-in-robots,2,centrifugal force in robots in robotics / how centrifugal force in robots works
Fundamentals & Math,Gravity compensation,gravity-compensation,2,gravity compensation in robotics / how gravity compensation works
Fundamentals & Math,Friction modeling,friction-modeling,2,friction modeling in robotics / how friction modeling works
Fundamentals & Math,Contact dynamics,contact-dynamics,2,contact dynamics in robotics / how contact dynamics works
Fundamentals & Math,Rigid body dynamics,rigid-body-dynamics,2,rigid body dynamics in robotics / how rigid body dynamics works
Fundamentals & Math,Mass matrix,mass-matrix,2,mass matrix in robotics / how mass matrix works
Fundamentals & Math,Jacobian transpose,jacobian-transpose,2,jacobian transpose in robotics / how jacobian transpose works
Fundamentals & Math,Analytical Jacobian,analytical-jacobian,2,analytical jacobian in robotics / how analytical jacobian works
Fundamentals & Math,Geometric Jacobian,geometric-jacobian,2,geometric jacobian in robotics / how geometric jacobian works
Fundamentals & Math,Pseudo-inverse,pseudo-inverse,2,pseudo-inverse in robotics / how pseudo-inverse works
Fundamentals & Math,Damped least squares,damped-least-squares,2,damped least squares in robotics / how damped least squares works
Fundamentals & Math,Null space projection,null-space-projection,2,null space projection in robotics / how null space projection works
Fundamentals & Math,Condition number,condition-number,2,condition number in robotics / how condition number works
Fundamentals & Math,Numerical stability,numerical-stability,2,numerical stability in robotics / how numerical stability works
Fundamentals & Math,Interpolation in robotics,interpolation-in-robotics,2,interpolation in robotics in robotics / how interpolation in robotics works
Fundamentals & Math,Spline trajectory,spline-trajectory,2,spline trajectory in robotics / how spline trajectory works
Fundamentals & Math,Cubic polynomial trajectory,cubic-polynomial-trajectory,2,cubic polynomial trajectory in robotics / how cubic polynomial trajectory works
Fundamentals & Math,Trapezoidal velocity profile,trapezoidal-velocity-profile,2,trapezoidal velocity profile in robotics / how trapezoidal velocity profile works
Fundamentals & Math,S-curve motion profile,s-curve-motion-profile,2,s-curve motion profile in robotics / how s-curve motion profile works
Fundamentals & Math,Jerk minimization,jerk-minimization,2,jerk minimization in robotics / how jerk minimization works
Fundamentals & Math,Time parameterization,time-parameterization,2,time parameterization in robotics / how time parameterization works
Kinematics & Manipulation,Forward kinematics of a 6-DOF arm,forward-kinematics-of-a-6-dof-arm,3,forward kinematics of a 6-dof arm in robotics / how forward kinematics of a 6-dof arm works
Kinematics & Manipulation,Analytical inverse kinematics,analytical-inverse-kinematics,3,analytical inverse kinematics in robotics / how analytical inverse kinematics works
Kinematics & Manipulation,Numerical inverse kinematics,numerical-inverse-kinematics,3,numerical inverse kinematics in robotics / how numerical inverse kinematics works
Kinematics & Manipulation,Whole-body inverse kinematics,whole-body-inverse-kinematics,3,whole-body inverse kinematics in robotics / how whole-body inverse kinematics works
Kinematics & Manipulation,Closed-form IK,closed-form-ik,3,closed-form ik in robotics / how closed-form ik works
Kinematics & Manipulation,DH parameters,dh-parameters,3,dh parameters in robotics / how dh parameters works
Kinematics & Manipulation,Modified DH convention,modified-dh-convention,3,modified dh convention in robotics / how modified dh convention works
Kinematics & Manipulation,Product of exponentials,product-of-exponentials,3,product of exponentials in robotics / how product of exponentials works
Kinematics & Manipulation,Wrist partitioning,wrist-partitioning,3,wrist partitioning in robotics / how wrist partitioning works
Kinematics & Manipulation,Elbow up elbow down,elbow-up-elbow-down,3,elbow up elbow down in robotics / how elbow up elbow down works
Kinematics & Manipulation,Grasp planning,grasp-planning,3,grasp planning in robotics / how grasp planning works
Kinematics & Manipulation,Force closure,force-closure,3,force closure in robotics / how force closure works
Kinematics & Manipulation,Form closure,form-closure,3,form closure in robotics / how form closure works
Kinematics & Manipulation,Grasp quality metrics,grasp-quality-metrics,3,grasp quality metrics in robotics / how grasp quality metrics works
Kinematics & Manipulation,Antipodal grasp,antipodal-grasp,3,antipodal grasp in robotics / how antipodal grasp works
Kinematics & Manipulation,Suction gripper,suction-gripper,3,suction gripper in robotics / how suction gripper works
Kinematics & Manipulation,Parallel-jaw gripper,parallel-jaw-gripper,3,parallel-jaw gripper in robotics / how parallel-jaw gripper works
Kinematics & Manipulation,Underactuated hand,underactuated-hand,3,underactuated hand in robotics / how underactuated hand works
Kinematics & Manipulation,Tendon-driven hand,tendon-driven-hand,3,tendon-driven hand in robotics / how tendon-driven hand works
Kinematics & Manipulation,Dexterous manipulation,dexterous-manipulation,3,dexterous manipulation in robotics / how dexterous manipulation works
Kinematics & Manipulation,In-hand manipulation,in-hand-manipulation,3,in-hand manipulation in robotics / how in-hand manipulation works
Kinematics & Manipulation,Pick and place,pick-and-place,3,pick and place in robotics / how pick and place works
Kinematics & Manipulation,Bin picking,bin-picking,3,bin picking in robotics / how bin picking works
Kinematics & Manipulation,Peg-in-hole,peg-in-hole,3,peg-in-hole in robotics / how peg-in-hole works
Kinematics & Manipulation,Assembly automation,assembly-automation,3,assembly automation in robotics / how assembly automation works
Kinematics & Manipulation,Compliant assembly,compliant-assembly,3,compliant assembly in robotics / how compliant assembly works
Kinematics & Manipulation,Remote center of compliance,remote-center-of-compliance,3,remote center of compliance in robotics / how remote center of compliance works
Kinematics & Manipulation,Tool center point,tool-center-point,3,tool center point in robotics / how tool center point works
Kinematics & Manipulation,Payload capacity,payload-capacity,3,payload capacity in robotics / how payload capacity works
Kinematics & Manipulation,Reach envelope,reach-envelope,3,reach envelope in robotics / how reach envelope works
Kinematics & Manipulation,Cartesian path planning,cartesian-path-planning,3,cartesian path planning in robotics / how cartesian path planning works
Kinematics & Manipulation,Joint-space planning,joint-space-planning,3,joint-space planning in robotics / how joint-space planning works
Kinematics & Manipulation,Pick planning,pick-planning,3,pick planning in robotics / how pick planning works
Kinematics & Manipulation,Regrasping,regrasping,3,regrasping in robotics / how regrasping works
Kinematics & Manipulation,Nonprehensile manipulation,nonprehensile-manipulation,3,nonprehensile manipulation in robotics / how nonprehensile manipulation works
Kinematics & Manipulation,Pushing manipulation,pushing-manipulation,3,pushing manipulation in robotics / how pushing manipulation works
Kinematics & Manipulation,Contact-rich manipulation,contact-rich-manipulation,3,contact-rich manipulation in robotics / how contact-rich manipulation works
Control Systems,PID tuning methods,pid-tuning-methods,3,pid tuning methods in robotics / how pid tuning methods works
Control Systems,Ziegler-Nichols method,ziegler-nichols-method,3,ziegler-nichols method in robotics / how ziegler-nichols method works
Control Systems,Cascade control loops,cascade-control-loops,3,cascade control loops in robotics / how cascade control loops works
Control Systems,Gain scheduling,gain-scheduling,3,gain scheduling in robotics / how gain scheduling works
Control Systems,Feedback linearization,feedback-linearization,3,feedback linearization in robotics / how feedback linearization works
Control Systems,Computed torque control,computed-torque-control,3,computed torque control in robotics / how computed torque control works
Control Systems,Linear quadratic regulator,linear-quadratic-regulator,3,linear quadratic regulator in robotics / how linear quadratic regulator works
Control Systems,LQR vs MPC,lqr-vs-mpc,3,lqr vs mpc in robotics / how lqr vs mpc works
Control Systems,State feedback control,state-feedback-control,3,state feedback control in robotics / how state feedback control works
Control Systems,Pole placement,pole-placement,3,pole placement in robotics / how pole placement works
Control Systems,Observer design,observer-design,3,observer design in robotics / how observer design works
Control Systems,State observer,state-observer,3,state observer in robotics / how state observer works
Control Systems,Luenberger observer,luenberger-observer,3,luenberger observer in robotics / how luenberger observer works
Control Systems,Robust control,robust-control,3,robust control in robotics / how robust control works
Control Systems,H-infinity control,h-infinity-control,3,h-infinity control in robotics / how h-infinity control works
Control Systems,Admittance control,admittance-control,3,admittance control in robotics / how admittance control works
Control Systems,Force control,force-control,3,force control in robotics / how force control works
Control Systems,Hybrid position-force control,hybrid-position-force-control,3,hybrid position-force control in robotics / how hybrid position-force control works
Control Systems,Torque control,torque-control,3,torque control in robotics / how torque control works
Control Systems,Current control loop,current-control-loop,3,current control loop in robotics / how current control loop works
Control Systems,Velocity control loop,velocity-control-loop,3,velocity control loop in robotics / how velocity control loop works
Control Systems,Position control loop,position-control-loop,3,position control loop in robotics / how position control loop works
Control Systems,Trajectory tracking control,trajectory-tracking-control,3,trajectory tracking control in robotics / how trajectory tracking control works
Control Systems,Compliance control,compliance-control,3,compliance control in robotics / how compliance control works
Control Systems,Stiffness control,stiffness-control,3,stiffness control in robotics / how stiffness control works
Control Systems,Deadband,deadband,3,deadband in robotics / how deadband works
Control Systems,Anti-windup,anti-windup,3,anti-windup in robotics / how anti-windup works
Control Systems,Control loop frequency,control-loop-frequency,3,control loop frequency in robotics / how control loop frequency works
Control Systems,Real-time control,real-time-control,3,real-time control in robotics / how real-time control works
Control Systems,Stability analysis,stability-analysis,3,stability analysis in robotics / how stability analysis works
Control Systems,Lyapunov stability,lyapunov-stability,3,lyapunov stability in robotics / how lyapunov stability works
Control Systems,Bode plot,bode-plot,3,bode plot in robotics / how bode plot works
Control Systems,Nyquist criterion,nyquist-criterion,3,nyquist criterion in robotics / how nyquist criterion works
Control Systems,Transfer function,transfer-function,3,transfer function in robotics / how transfer function works
Control Systems,State-space model,state-space-model,3,state-space model in robotics / how state-space model works
Control Systems,Discretization,discretization,3,discretization in robotics / how discretization works
Control Systems,Sampling rate,sampling-rate,3,sampling rate in robotics / how sampling rate works
Control Systems,Actuator saturation,actuator-saturation,3,actuator saturation in robotics / how actuator saturation works
Control Systems,Control allocation,control-allocation,3,control allocation in robotics / how control allocation works
Motion & Path Planning,Path planning basics,path-planning-basics,3,path planning basics in robotics / how path planning basics works
Motion & Path Planning,Global vs local planning,global-vs-local-planning,3,global vs local planning in robotics / how global vs local planning works
Motion & Path Planning,Dijkstra algorithm,dijkstra-algorithm,3,dijkstra algorithm in robotics / how dijkstra algorithm works
Motion & Path Planning,Rapidly-exploring random tree,rapidly-exploring-random-tree,3,rapidly-exploring random tree in robotics / how rapidly-exploring random tree works
Motion & Path Planning,RRT-Connect,rrt-connect,3,rrt-connect in robotics / how rrt-connect works
Motion & Path Planning,RRT-star,rrt-star,3,rrt-star in robotics / how rrt-star works
Motion & Path Planning,PRM roadmap,prm-roadmap,3,prm roadmap in robotics / how prm roadmap works
Motion & Path Planning,Probabilistic roadmap,probabilistic-roadmap,3,probabilistic roadmap in robotics / how probabilistic roadmap works
Motion & Path Planning,Potential field method,potential-field-method,3,potential field method in robotics / how potential field method works
Motion & Path Planning,Artificial potential fields,artificial-potential-fields,3,artificial potential fields in robotics / how artificial potential fields works
Motion & Path Planning,Dynamic window approach,dynamic-window-approach,3,dynamic window approach in robotics / how dynamic window approach works
Motion & Path Planning,Timed elastic band,timed-elastic-band,3,timed elastic band in robotics / how timed elastic band works
Motion & Path Planning,Trajectory optimization,trajectory-optimization,3,trajectory optimization in robotics / how trajectory optimization works
Motion & Path Planning,CHOMP planner,chomp-planner,3,chomp planner in robotics / how chomp planner works
Motion & Path Planning,TrajOpt,trajopt,3,trajopt in robotics / how trajopt works
Motion & Path Planning,Elastic bands,elastic-bands,3,elastic bands in robotics / how elastic bands works
Motion & Path Planning,Visibility graph,visibility-graph,3,visibility graph in robotics / how visibility graph works
Motion & Path Planning,Voronoi navigation,voronoi-navigation,3,voronoi navigation in robotics / how voronoi navigation works
Motion & Path Planning,State lattice planner,state-lattice-planner,3,state lattice planner in robotics / how state lattice planner works
Motion & Path Planning,Hybrid A-star,hybrid-a-star,3,hybrid a-star in robotics / how hybrid a-star works
Motion & Path Planning,Lattice planning,lattice-planning,3,lattice planning in robotics / how lattice planning works
Motion & Path Planning,Kinodynamic planning,kinodynamic-planning,3,kinodynamic planning in robotics / how kinodynamic planning works
Motion & Path Planning,Configuration space obstacles,configuration-space-obstacles,3,configuration space obstacles in robotics / how configuration space obstacles works
Motion & Path Planning,Collision checking,collision-checking,3,collision checking in robotics / how collision checking works
Motion & Path Planning,Swept volume,swept-volume,3,swept volume in robotics / how swept volume works
Motion & Path Planning,Costmap layers,costmap-layers,3,costmap layers in robotics / how costmap layers works
Motion & Path Planning,Inflation layer,inflation-layer,3,inflation layer in robotics / how inflation layer works
Motion & Path Planning,Global planner,global-planner,3,global planner in robotics / how global planner works
Motion & Path Planning,Local planner,local-planner,3,local planner in robotics / how local planner works
Motion & Path Planning,Recovery behaviors,recovery-behaviors,3,recovery behaviors in robotics / how recovery behaviors works
Motion & Path Planning,Waypoint navigation,waypoint-navigation,3,waypoint navigation in robotics / how waypoint navigation works
Motion & Path Planning,Frontier exploration,frontier-exploration,3,frontier exploration in robotics / how frontier exploration works
Motion & Path Planning,Coverage path planning,coverage-path-planning,3,coverage path planning in robotics / how coverage path planning works
Motion & Path Planning,Boustrophedon coverage,boustrophedon-coverage,3,boustrophedon coverage in robotics / how boustrophedon coverage works
Motion & Path Planning,Multi-robot path planning,multi-robot-path-planning,3,multi-robot path planning in robotics / how multi-robot path planning works
Motion & Path Planning,Conflict-based search,conflict-based-search,3,conflict-based search in robotics / how conflict-based search works
Motion & Path Planning,Velocity obstacles,velocity-obstacles,3,velocity obstacles in robotics / how velocity obstacles works
Motion & Path Planning,Reciprocal velocity obstacles,reciprocal-velocity-obstacles,3,reciprocal velocity obstacles in robotics / how reciprocal velocity obstacles works
Motion & Path Planning,Social navigation,social-navigation,3,social navigation in robotics / how social navigation works
Motion & Path Planning,Dynamic obstacle avoidance,dynamic-obstacle-avoidance,3,dynamic obstacle avoidance in robotics / how dynamic obstacle avoidance works
"Localization, Mapping & SLAM",Localization basics,localization-basics,3,localization basics in robotics / how localization basics works
"Localization, Mapping & SLAM",Global localization,global-localization,3,global localization in robotics / how global localization works
"Localization, Mapping & SLAM",Monte Carlo localization,monte-carlo-localization,3,monte carlo localization in robotics / how monte carlo localization works
"Localization, Mapping & SLAM",Particle filter localization,particle-filter-localization,3,particle filter localization in robotics / how particle filter localization works
"Localization, Mapping & SLAM",Grid-based localization,grid-based-localization,3,grid-based localization in robotics / how grid-based localization works
"Localization, Mapping & SLAM",EKF localization,ekf-localization,3,ekf localization in robotics / how ekf localization works
"Localization, Mapping & SLAM",Graph-based SLAM,graph-based-slam,3,graph-based slam in robotics / how graph-based slam works
"Localization, Mapping & SLAM",Pose graph optimization,pose-graph-optimization,3,pose graph optimization in robotics / how pose graph optimization works
"Localization, Mapping & SLAM",Factor graph,factor-graph,3,factor graph in robotics / how factor graph works
"Localization, Mapping & SLAM",Bundle adjustment,bundle-adjustment,3,bundle adjustment in robotics / how bundle adjustment works
"Localization, Mapping & SLAM",Loop closure detection,loop-closure-detection,3,loop closure detection in robotics / how loop closure detection works
"Localization, Mapping & SLAM",Place recognition,place-recognition,3,place recognition in robotics / how place recognition works
"Localization, Mapping & SLAM",Bag of visual words,bag-of-visual-words,3,bag of visual words in robotics / how bag of visual words works
"Localization, Mapping & SLAM",Scan matching,scan-matching,3,scan matching in robotics / how scan matching works
"Localization, Mapping & SLAM",Iterative closest point,iterative-closest-point,3,iterative closest point in robotics / how iterative closest point works
"Localization, Mapping & SLAM",Point-to-plane ICP,point-to-plane-icp,3,point-to-plane icp in robotics / how point-to-plane icp works
"Localization, Mapping & SLAM",Normal distributions transform,normal-distributions-transform,3,normal distributions transform in robotics / how normal distributions transform works
"Localization, Mapping & SLAM",Occupancy grid mapping,occupancy-grid-mapping,3,occupancy grid mapping in robotics / how occupancy grid mapping works
"Localization, Mapping & SLAM",Octree mapping,octree-mapping,3,octree mapping in robotics / how octree mapping works
"Localization, Mapping & SLAM",Voxel grid,voxel-grid,3,voxel grid in robotics / how voxel grid works
"Localization, Mapping & SLAM",Signed distance function,signed-distance-function,3,signed distance function in robotics / how signed distance function works
"Localization, Mapping & SLAM",Truncated signed distance function,truncated-signed-distance-function,3,truncated signed distance function in robotics / how truncated signed distance function works
"Localization, Mapping & SLAM",Feature-based SLAM,feature-based-slam,3,feature-based slam in robotics / how feature-based slam works
"Localization, Mapping & SLAM",Direct SLAM,direct-slam,3,direct slam in robotics / how direct slam works
"Localization, Mapping & SLAM",Visual-inertial odometry,visual-inertial-odometry,3,visual-inertial odometry in robotics / how visual-inertial odometry works
"Localization, Mapping & SLAM",Lidar odometry,lidar-odometry,3,lidar odometry in robotics / how lidar odometry works
"Localization, Mapping & SLAM",LIO-SAM,lio-sam,3,lio-sam in robotics / how lio-sam works
"Localization, Mapping & SLAM",Cartographer,cartographer,3,cartographer in robotics / how cartographer works
"Localization, Mapping & SLAM",ORB-SLAM,orb-slam,3,orb-slam in robotics / how orb-slam works
"Localization, Mapping & SLAM",RTAB-Map,rtab-map,3,rtab-map in robotics / how rtab-map works
"Localization, Mapping & SLAM",Kidnapped robot problem,kidnapped-robot-problem,3,kidnapped robot problem in robotics / how kidnapped robot problem works
"Localization, Mapping & SLAM",Relocalization,relocalization,3,relocalization in robotics / how relocalization works
"Localization, Mapping & SLAM",Map merging,map-merging,3,map merging in robotics / how map merging works
"Localization, Mapping & SLAM",Semantic mapping,semantic-mapping,3,semantic mapping in robotics / how semantic mapping works
"Localization, Mapping & SLAM",Topological map,topological-map,3,topological map in robotics / how topological map works
"Localization, Mapping & SLAM",Metric map,metric-map,3,metric map in robotics / how metric map works
"Localization, Mapping & SLAM",Landmark-based navigation,landmark-based-navigation,3,landmark-based navigation in robotics / how landmark-based navigation works
"Localization, Mapping & SLAM",Fiducial markers,fiducial-markers,3,fiducial markers in robotics / how fiducial markers works
"Localization, Mapping & SLAM",AprilTag,apriltag,3,apriltag in robotics / how apriltag works
"Localization, Mapping & SLAM",Dead reckoning error,dead-reckoning-error,3,dead reckoning error in robotics / how dead reckoning error works
"Localization, Mapping & SLAM",Odometry calibration,odometry-calibration,3,odometry calibration in robotics / how odometry calibration works
Perception & Computer Vision,Image classification for robots,image-classification-for-robots,3,image classification for robots in robotics / how image classification for robots works
Perception & Computer Vision,Object detection basics,object-detection-basics,3,object detection basics in robotics / how object detection basics works
Perception & Computer Vision,YOLO object detection,yolo-object-detection,3,yolo object detection in robotics / how yolo object detection works
Perception & Computer Vision,Faster R-CNN,faster-r-cnn,3,faster r-cnn in robotics / how faster r-cnn works
Perception & Computer Vision,Instance segmentation,instance-segmentation,3,instance segmentation in robotics / how instance segmentation works
Perception & Computer Vision,Semantic segmentation networks,semantic-segmentation-networks,3,semantic segmentation networks in robotics / how semantic segmentation networks works
Perception & Computer Vision,Panoptic segmentation,panoptic-segmentation,3,panoptic segmentation in robotics / how panoptic segmentation works
Perception & Computer Vision,Segment Anything Model,segment-anything-model,3,segment anything model in robotics / how segment anything model works
Perception & Computer Vision,Vision transformer,vision-transformer,3,vision transformer in robotics / how vision transformer works
Perception & Computer Vision,Depth estimation,depth-estimation,3,depth estimation in robotics / how depth estimation works
Perception & Computer Vision,Monocular depth estimation,monocular-depth-estimation,3,monocular depth estimation in robotics / how monocular depth estimation works
Perception & Computer Vision,Structure from motion,structure-from-motion,3,structure from motion in robotics / how structure from motion works
Perception & Computer Vision,Optical flow,optical-flow,3,optical flow in robotics / how optical flow works
Perception & Computer Vision,Feature detection,feature-detection,3,feature detection in robotics / how feature detection works
Perception & Computer Vision,ORB features,orb-features,3,orb features in robotics / how orb features works
Perception & Computer Vision,SIFT features,sift-features,3,sift features in robotics / how sift features works
Perception & Computer Vision,Corner detection,corner-detection,3,corner detection in robotics / how corner detection works
Perception & Computer Vision,Edge detection,edge-detection,3,edge detection in robotics / how edge detection works
Perception & Computer Vision,Camera calibration,camera-calibration,3,camera calibration in robotics / how camera calibration works
Perception & Computer Vision,Intrinsic parameters,intrinsic-parameters,3,intrinsic parameters in robotics / how intrinsic parameters works
Perception & Computer Vision,Extrinsic calibration,extrinsic-calibration,3,extrinsic calibration in robotics / how extrinsic calibration works
Perception & Computer Vision,Camera distortion,camera-distortion,3,camera distortion in robotics / how camera distortion works
Perception & Computer Vision,Pinhole camera model,pinhole-camera-model,3,pinhole camera model in robotics / how pinhole camera model works
Perception & Computer Vision,Epipolar geometry,epipolar-geometry,3,epipolar geometry in robotics / how epipolar geometry works
Perception & Computer Vision,Disparity map,disparity-map,3,disparity map in robotics / how disparity map works
Perception & Computer Vision,Point cloud processing,point-cloud-processing,3,point cloud processing in robotics / how point cloud processing works
Perception & Computer Vision,Point cloud registration,point-cloud-registration,3,point cloud registration in robotics / how point cloud registration works
Perception & Computer Vision,3D object detection,3d-object-detection,3,3d object detection in robotics / how 3d object detection works
Perception & Computer Vision,6D pose estimation,6d-pose-estimation,3,6d pose estimation in robotics / how 6d pose estimation works
Perception & Computer Vision,Keypoint detection,keypoint-detection,3,keypoint detection in robotics / how keypoint detection works
Perception & Computer Vision,Human pose estimation,human-pose-estimation,3,human pose estimation in robotics / how human pose estimation works
Perception & Computer Vision,Visual servoing,visual-servoing,3,visual servoing in robotics / how visual servoing works
Perception & Computer Vision,Image-based visual servoing,image-based-visual-servoing,3,image-based visual servoing in robotics / how image-based visual servoing works
Perception & Computer Vision,Position-based visual servoing,position-based-visual-servoing,3,position-based visual servoing in robotics / how position-based visual servoing works
Perception & Computer Vision,Object tracking,object-tracking,3,object tracking in robotics / how object tracking works
Perception & Computer Vision,Multi-object tracking,multi-object-tracking,3,multi-object tracking in robotics / how multi-object tracking works
Perception & Computer Vision,Kalman tracking,kalman-tracking,3,kalman tracking in robotics / how kalman tracking works
Perception & Computer Vision,Optical character recognition for robots,optical-character-recognition-for-robots,3,optical character recognition for robots in robotics / how optical character recognition for robots works
Perception & Computer Vision,Anomaly detection in vision,anomaly-detection-in-vision,3,anomaly detection in vision in robotics / how anomaly detection in vision works
Perception & Computer Vision,Scene understanding,scene-understanding,3,scene understanding in robotics / how scene understanding works
Perception & Computer Vision,Grasp detection network,grasp-detection-network,3,grasp detection network in robotics / how grasp detection network works
Perception & Computer Vision,Domain randomization,domain-randomization,3,domain randomization in robotics / how domain randomization works
Perception & Computer Vision,Sensor calibration,sensor-calibration,3,sensor calibration in robotics / how sensor calibration works
Sensors & Hardware,Rotary encoder,rotary-encoder,2,rotary encoder in robotics / how rotary encoder works
Sensors & Hardware,Absolute encoder,absolute-encoder,2,absolute encoder in robotics / how absolute encoder works
Sensors & Hardware,Incremental encoder,incremental-encoder,2,incremental encoder in robotics / how incremental encoder works
Sensors & Hardware,Optical encoder,optical-encoder,2,optical encoder in robotics / how optical encoder works
Sensors & Hardware,Magnetic encoder,magnetic-encoder,2,magnetic encoder in robotics / how magnetic encoder works
Sensors & Hardware,Resolver,resolver,2,resolver in robotics / how resolver works
Sensors & Hardware,Potentiometer sensor,potentiometer-sensor,2,potentiometer sensor in robotics / how potentiometer sensor works
Sensors & Hardware,Accelerometer basics,accelerometer-basics,2,accelerometer basics in robotics / how accelerometer basics works
Sensors & Hardware,Magnetometer,magnetometer,2,magnetometer in robotics / how magnetometer works
Sensors & Hardware,Inertial measurement unit,inertial-measurement-unit,2,inertial measurement unit in robotics / how inertial measurement unit works
Sensors & Hardware,9-axis IMU,9-axis-imu,2,9-axis imu in robotics / how 9-axis imu works
Sensors & Hardware,Time-of-flight sensor,time-of-flight-sensor,2,time-of-flight sensor in robotics / how time-of-flight sensor works
Sensors & Hardware,Proximity sensor,proximity-sensor,2,proximity sensor in robotics / how proximity sensor works
Sensors & Hardware,Capacitive sensor,capacitive-sensor,2,capacitive sensor in robotics / how capacitive sensor works
Sensors & Hardware,Pressure sensor,pressure-sensor,2,pressure sensor in robotics / how pressure sensor works
Sensors & Hardware,Strain gauge,strain-gauge,2,strain gauge in robotics / how strain gauge works
Sensors & Hardware,Load cell,load-cell,2,load cell in robotics / how load cell works
Sensors & Hardware,Bumper sensor,bumper-sensor,2,bumper sensor in robotics / how bumper sensor works
Sensors & Hardware,Cliff sensor,cliff-sensor,2,cliff sensor in robotics / how cliff sensor works
Sensors & Hardware,Line sensor,line-sensor,2,line sensor in robotics / how line sensor works
Sensors & Hardware,Color sensor,color-sensor,2,color sensor in robotics / how color sensor works
Sensors & Hardware,RGB-D camera,rgb-d-camera,2,rgb-d camera in robotics / how rgb-d camera works
Sensors & Hardware,Event camera,event-camera,2,event camera in robotics / how event camera works
Sensors & Hardware,Structured light sensor,structured-light-sensor,2,structured light sensor in robotics / how structured light sensor works
Sensors & Hardware,Lidar types,lidar-types,2,lidar types in robotics / how lidar types works
Sensors & Hardware,Solid-state lidar,solid-state-lidar,2,solid-state lidar in robotics / how solid-state lidar works
Sensors & Hardware,Mechanical lidar,mechanical-lidar,2,mechanical lidar in robotics / how mechanical lidar works
Sensors & Hardware,2D lidar,2d-lidar,2,2d lidar in robotics / how 2d lidar works
Sensors & Hardware,3D lidar,3d-lidar,2,3d lidar in robotics / how 3d lidar works
Sensors & Hardware,Radar for robots,radar-for-robots,2,radar for robots in robotics / how radar for robots works
Sensors & Hardware,GPS receiver,gps-receiver,2,gps receiver in robotics / how gps receiver works
Sensors & Hardware,RTK GPS,rtk-gps,2,rtk gps in robotics / how rtk gps works
Sensors & Hardware,Wheel odometry sensor,wheel-odometry-sensor,2,wheel odometry sensor in robotics / how wheel odometry sensor works
Sensors & Hardware,Current sensor,current-sensor,2,current sensor in robotics / how current sensor works
Sensors & Hardware,Temperature sensor,temperature-sensor,2,temperature sensor in robotics / how temperature sensor works
Sensors & Hardware,Microphone array,microphone-array,2,microphone array in robotics / how microphone array works
Actuators & Power,Servo motor basics,servo-motor-basics,2,servo motor basics in robotics / how servo motor basics works
Actuators & Power,Brushed motor,brushed-motor,2,brushed motor in robotics / how brushed motor works
Actuators & Power,BLDC motor,bldc-motor,2,bldc motor in robotics / how bldc motor works
Actuators & Power,Electronic speed controller,electronic-speed-controller,2,electronic speed controller in robotics / how electronic speed controller works
Actuators & Power,Pulse width modulation,pulse-width-modulation,2,pulse width modulation in robotics / how pulse width modulation works
Actuators & Power,Motor controller,motor-controller,2,motor controller in robotics / how motor controller works
Actuators & Power,Ball screw actuator,ball-screw-actuator,2,ball screw actuator in robotics / how ball screw actuator works
Actuators & Power,Lead screw,lead-screw,2,lead screw in robotics / how lead screw works
Actuators & Power,Cycloidal gearbox,cycloidal-gearbox,2,cycloidal gearbox in robotics / how cycloidal gearbox works
Actuators & Power,Worm gear,worm-gear,2,worm gear in robotics / how worm gear works
Actuators & Power,Belt drive,belt-drive,2,belt drive in robotics / how belt drive works
Actuators & Power,Direct drive motor,direct-drive-motor,2,direct drive motor in robotics / how direct drive motor works
Actuators & Power,Series elastic actuator,series-elastic-actuator,2,series elastic actuator in robotics / how series elastic actuator works
Actuators & Power,Variable stiffness actuator,variable-stiffness-actuator,2,variable stiffness actuator in robotics / how variable stiffness actuator works
Actuators & Power,Artificial muscle,artificial-muscle,2,artificial muscle in robotics / how artificial muscle works
Actuators & Power,McKibben actuator,mckibben-actuator,2,mckibben actuator in robotics / how mckibben actuator works
Actuators & Power,Torque density,torque-density,2,torque density in robotics / how torque density works
Actuators & Power,Back-drivability,back-drivability,2,back-drivability in robotics / how back-drivability works
Actuators & Power,Motor sizing,motor-sizing,2,motor sizing in robotics / how motor sizing works
Actuators & Power,Gearbox efficiency,gearbox-efficiency,2,gearbox efficiency in robotics / how gearbox efficiency works
Actuators & Power,Battery basics for robots,battery-basics-for-robots,2,battery basics for robots in robotics / how battery basics for robots works
Actuators & Power,Lithium-ion battery,lithium-ion-battery,2,lithium-ion battery in robotics / how lithium-ion battery works
Actuators & Power,Power distribution board,power-distribution-board,2,power distribution board in robotics / how power distribution board works
Actuators & Power,DC-DC converter,dc-dc-converter,2,dc-dc converter in robotics / how dc-dc converter works
Actuators & Power,Supercapacitor,supercapacitor,2,supercapacitor in robotics / how supercapacitor works
Actuators & Power,Fuel cell robot,fuel-cell-robot,2,fuel cell robot in robotics / how fuel cell robot works
Actuators & Power,Wireless charging,wireless-charging,2,wireless charging in robotics / how wireless charging works
Actuators & Power,Power budgeting,power-budgeting,2,power budgeting in robotics / how power budgeting works
AI & Learning for Robotics,Reinforcement learning basics,reinforcement-learning-basics,4,reinforcement learning basics in robotics / how reinforcement learning basics works
AI & Learning for Robotics,Deep reinforcement learning,deep-reinforcement-learning,4,deep reinforcement learning in robotics / how deep reinforcement learning works
AI & Learning for Robotics,Policy gradient methods,policy-gradient-methods,4,policy gradient methods in robotics / how policy gradient methods works
AI & Learning for Robotics,Proximal policy optimization,proximal-policy-optimization,4,proximal policy optimization in robotics / how proximal policy optimization works
AI & Learning for Robotics,Soft actor-critic,soft-actor-critic,4,soft actor-critic in robotics / how soft actor-critic works
AI & Learning for Robotics,Q-learning,q-learning,4,q-learning in robotics / how q-learning works
AI & Learning for Robotics,Deep Q-network,deep-q-network,4,deep q-network in robotics / how deep q-network works
AI & Learning for Robotics,Model-based RL,model-based-rl,4,model-based rl in robotics / how model-based rl works
AI & Learning for Robotics,Model-free RL,model-free-rl,4,model-free rl in robotics / how model-free rl works
AI & Learning for Robotics,Reward shaping,reward-shaping,4,reward shaping in robotics / how reward shaping works
AI & Learning for Robotics,Sim-to-real RL,sim-to-real-rl,4,sim-to-real rl in robotics / how sim-to-real rl works
AI & Learning for Robotics,Behavioral cloning,behavioral-cloning,4,behavioral cloning in robotics / how behavioral cloning works
AI & Learning for Robotics,Inverse reinforcement learning,inverse-reinforcement-learning,4,inverse reinforcement learning in robotics / how inverse reinforcement learning works
AI & Learning for Robotics,Learning from demonstration,learning-from-demonstration,4,learning from demonstration in robotics / how learning from demonstration works
AI & Learning for Robotics,Offline reinforcement learning,offline-reinforcement-learning,4,offline reinforcement learning in robotics / how offline reinforcement learning works
AI & Learning for Robotics,Diffusion policy,diffusion-policy,4,diffusion policy in robotics / how diffusion policy works
AI & Learning for Robotics,Vision-language-action model,vision-language-action-model,4,vision-language-action model in robotics / how vision-language-action model works
AI & Learning for Robotics,Foundation models for robotics,foundation-models-for-robotics,4,foundation models for robotics in robotics / how foundation models for robotics works
AI & Learning for Robotics,Robotics transformer,robotics-transformer,4,robotics transformer in robotics / how robotics transformer works
AI & Learning for Robotics,RT-1 and RT-2,rt-1-and-rt-2,4,rt-1 and rt-2 in robotics / how rt-1 and rt-2 works
AI & Learning for Robotics,Open X-Embodiment,open-x-embodiment,4,open x-embodiment in robotics / how open x-embodiment works
AI & Learning for Robotics,Large language models in robotics,large-language-models-in-robotics,4,large language models in robotics in robotics / how large language models in robotics works
AI & Learning for Robotics,Grounding language in robots,grounding-language-in-robots,4,grounding language in robots in robotics / how grounding language in robots works
AI & Learning for Robotics,Neural network basics,neural-network-basics,4,neural network basics in robotics / how neural network basics works
AI & Learning for Robotics,Recurrent neural network,recurrent-neural-network,4,recurrent neural network in robotics / how recurrent neural network works
AI & Learning for Robotics,Graph neural network,graph-neural-network,4,graph neural network in robotics / how graph neural network works
AI & Learning for Robotics,Transformer attention,transformer-attention,4,transformer attention in robotics / how transformer attention works
AI & Learning for Robotics,Self-supervised learning,self-supervised-learning,4,self-supervised learning in robotics / how self-supervised learning works
AI & Learning for Robotics,Contrastive learning,contrastive-learning,4,contrastive learning in robotics / how contrastive learning works
AI & Learning for Robotics,Curriculum learning,curriculum-learning,4,curriculum learning in robotics / how curriculum learning works
AI & Learning for Robotics,Domain adaptation,domain-adaptation,4,domain adaptation in robotics / how domain adaptation works
AI & Learning for Robotics,Multi-task learning,multi-task-learning,4,multi-task learning in robotics / how multi-task learning works
AI & Learning for Robotics,Meta-learning,meta-learning,4,meta-learning in robotics / how meta-learning works
AI & Learning for Robotics,World models,world-models,4,world models in robotics / how world models works
AI & Learning for Robotics,Model predictive path integral,model-predictive-path-integral,4,model predictive path integral in robotics / how model predictive path integral works
AI & Learning for Robotics,Neural radiance fields,neural-radiance-fields,4,neural radiance fields in robotics / how neural radiance fields works
AI & Learning for Robotics,Gaussian splatting,gaussian-splatting,4,gaussian splatting in robotics / how gaussian splatting works
AI & Learning for Robotics,Representation learning,representation-learning,4,representation learning in robotics / how representation learning works
AI & Learning for Robotics,Task and motion planning,task-and-motion-planning,4,task and motion planning in robotics / how task and motion planning works
ROS & Software,ROS 1 vs ROS 2,ros-1-vs-ros-2,3,ros 1 vs ros 2 in robotics / how ros 1 vs ros 2 works
ROS & Software,ROS node,ros-node,3,ros node in robotics / how ros node works
ROS & Software,ROS topic,ros-topic,3,ros topic in robotics / how ros topic works
ROS & Software,ROS service,ros-service,3,ros service in robotics / how ros service works
ROS & Software,ROS action,ros-action,3,ros action in robotics / how ros action works
ROS & Software,ROS parameter,ros-parameter,3,ros parameter in robotics / how ros parameter works
ROS & Software,ROS launch file,ros-launch-file,3,ros launch file in robotics / how ros launch file works
ROS & Software,DDS middleware,dds-middleware,3,dds middleware in robotics / how dds middleware works
ROS & Software,Quality of service in ROS,quality-of-service-in-ros,3,quality of service in ros in robotics / how quality of service in ros works
ROS & Software,ROS 2 lifecycle node,ros-2-lifecycle-node,3,ros 2 lifecycle node in robotics / how ros 2 lifecycle node works
ROS & Software,Executor in ROS 2,executor-in-ros-2,3,executor in ros 2 in robotics / how executor in ros 2 works
ROS & Software,Callback groups,callback-groups,3,callback groups in robotics / how callback groups works
ROS & Software,rclcpp,rclcpp,3,rclcpp in robotics / how rclcpp works
ROS & Software,rclpy,rclpy,3,rclpy in robotics / how rclpy works
ROS & Software,colcon build,colcon-build,3,colcon build in robotics / how colcon build works
ROS & Software,ROS package,ros-package,3,ros package in robotics / how ros package works
ROS & Software,ROS message,ros-message,3,ros message in robotics / how ros message works
ROS & Software,Custom ROS message,custom-ros-message,3,custom ros message in robotics / how custom ros message works
ROS & Software,tf2 transforms,tf2-transforms,3,tf2 transforms in robotics / how tf2 transforms works
ROS & Software,robot_state_publisher,robot-state-publisher,3,robot_state_publisher in robotics / how robot_state_publisher works
ROS & Software,Nav2 navigation stack,nav2-navigation-stack,3,nav2 navigation stack in robotics / how nav2 navigation stack works
ROS & Software,MoveIt motion planning,moveit-motion-planning,3,moveit motion planning in robotics / how moveit motion planning works
ROS & Software,ros2_control,ros2-control,3,ros2_control in robotics / how ros2_control works
ROS & Software,Gazebo simulator,gazebo-simulator,3,gazebo simulator in robotics / how gazebo simulator works
ROS & Software,Ignition Gazebo,ignition-gazebo,3,ignition gazebo in robotics / how ignition gazebo works
ROS & Software,Isaac Sim,isaac-sim,3,isaac sim in robotics / how isaac sim works
ROS & Software,Webots simulator,webots-simulator,3,webots simulator in robotics / how webots simulator works
ROS & Software,MuJoCo,mujoco,3,mujoco in robotics / how mujoco works
ROS & Software,PyBullet,pybullet,3,pybullet in robotics / how pybullet works
ROS & Software,URDF and xacro,urdf-and-xacro,3,urdf and xacro in robotics / how urdf and xacro works
ROS & Software,SDF format,sdf-format,3,sdf format in robotics / how sdf format works
ROS & Software,rosbag,rosbag,3,rosbag in robotics / how rosbag works
ROS & Software,RViz visualization,rviz-visualization,3,rviz visualization in robotics / how rviz visualization works
ROS & Software,ROS 2 security,ros-2-security,3,ros 2 security in robotics / how ros 2 security works
ROS & Software,micro-ROS,micro-ros,3,micro-ros in robotics / how micro-ros works
ROS & Software,Real-time ROS,real-time-ros,3,real-time ros in robotics / how real-time ros works
ROS & Software,ROS on microcontrollers,ros-on-microcontrollers,3,ros on microcontrollers in robotics / how ros on microcontrollers works
ROS & Software,Behavior tree in robotics,behavior-tree-in-robotics,3,behavior tree in robotics in robotics / how behavior tree in robotics works
ROS & Software,State machine robotics,state-machine-robotics,3,state machine robotics in robotics / how state machine robotics works
ROS & Software,Middleware for robots,middleware-for-robots,3,middleware for robots in robotics / how middleware for robots works
ROS & Software,Robot software architecture,robot-software-architecture,3,robot software architecture in robotics / how robot software architecture works
ROS & Software,Publish-subscribe pattern,publish-subscribe-pattern,3,publish-subscribe pattern in robotics / how publish-subscribe pattern works
ROS & Software,Digital twin software,digital-twin-software,3,digital twin software in robotics / how digital twin software works
"Mobile, Legged & Aerial",Differential drive robot,differential-drive-robot,3,differential drive robot in robotics / how differential drive robot works
"Mobile, Legged & Aerial",Ackermann steering,ackermann-steering,3,ackermann steering in robotics / how ackermann steering works
"Mobile, Legged & Aerial",Omnidirectional robot,omnidirectional-robot,3,omnidirectional robot in robotics / how omnidirectional robot works
"Mobile, Legged & Aerial",Swerve drive,swerve-drive,3,swerve drive in robotics / how swerve drive works
"Mobile, Legged & Aerial",Skid-steer robot,skid-steer-robot,3,skid-steer robot in robotics / how skid-steer robot works
"Mobile, Legged & Aerial",Tracked robot,tracked-robot,3,tracked robot in robotics / how tracked robot works
"Mobile, Legged & Aerial",Wheeled mobile robot kinematics,wheeled-mobile-robot-kinematics,3,wheeled mobile robot kinematics in robotics / how wheeled mobile robot kinematics works
"Mobile, Legged & Aerial",Nonholonomic constraints,nonholonomic-constraints,3,nonholonomic constraints in robotics / how nonholonomic constraints works
"Mobile, Legged & Aerial",Legged locomotion,legged-locomotion,3,legged locomotion in robotics / how legged locomotion works
"Mobile, Legged & Aerial",Bipedal walking,bipedal-walking,3,bipedal walking in robotics / how bipedal walking works
"Mobile, Legged & Aerial",Zero moment point,zero-moment-point,3,zero moment point in robotics / how zero moment point works
"Mobile, Legged & Aerial",Capture point,capture-point,3,capture point in robotics / how capture point works
"Mobile, Legged & Aerial",Static vs dynamic walking,static-vs-dynamic-walking,3,static vs dynamic walking in robotics / how static vs dynamic walking works
"Mobile, Legged & Aerial",Gait generation,gait-generation,3,gait generation in robotics / how gait generation works
"Mobile, Legged & Aerial",Central pattern generator,central-pattern-generator,3,central pattern generator in robotics / how central pattern generator works
"Mobile, Legged & Aerial",Quadruped locomotion,quadruped-locomotion,3,quadruped locomotion in robotics / how quadruped locomotion works
"Mobile, Legged & Aerial",Whole-body control,whole-body-control,3,whole-body control in robotics / how whole-body control works
"Mobile, Legged & Aerial",Balance control,balance-control,3,balance control in robotics / how balance control works
"Mobile, Legged & Aerial",Push recovery,push-recovery,3,push recovery in robotics / how push recovery works
"Mobile, Legged & Aerial",Foot placement,foot-placement,3,foot placement in robotics / how foot placement works
"Mobile, Legged & Aerial",Hexapod robot,hexapod-robot,3,hexapod robot in robotics / how hexapod robot works
"Mobile, Legged & Aerial",Climbing robot,climbing-robot,3,climbing robot in robotics / how climbing robot works
"Mobile, Legged & Aerial",Snake robot,snake-robot,3,snake robot in robotics / how snake robot works
"Mobile, Legged & Aerial",Rolling robot,rolling-robot,3,rolling robot in robotics / how rolling robot works
"Mobile, Legged & Aerial",Multirotor dynamics,multirotor-dynamics,3,multirotor dynamics in robotics / how multirotor dynamics works
"Mobile, Legged & Aerial",Quadcopter control,quadcopter-control,3,quadcopter control in robotics / how quadcopter control works
"Mobile, Legged & Aerial",Drone flight controller,drone-flight-controller,3,drone flight controller in robotics / how drone flight controller works
"Mobile, Legged & Aerial",Attitude control,attitude-control,3,attitude control in robotics / how attitude control works
"Mobile, Legged & Aerial",Thrust vectoring,thrust-vectoring,3,thrust vectoring in robotics / how thrust vectoring works
"Mobile, Legged & Aerial",Fixed-wing UAV,fixed-wing-uav,3,fixed-wing uav in robotics / how fixed-wing uav works
"Mobile, Legged & Aerial",VTOL aircraft,vtol-aircraft,3,vtol aircraft in robotics / how vtol aircraft works
"Mobile, Legged & Aerial",Formation control,formation-control,3,formation control in robotics / how formation control works
"Mobile, Legged & Aerial",Flocking behavior,flocking-behavior,3,flocking behavior in robotics / how flocking behavior works
"Mobile, Legged & Aerial",ROV vs AUV,rov-vs-auv,3,rov vs auv in robotics / how rov vs auv works
"Mobile, Legged & Aerial",Buoyancy control,buoyancy-control,3,buoyancy control in robotics / how buoyancy control works
"Mobile, Legged & Aerial",Station keeping,station-keeping,3,station keeping in robotics / how station keeping works
"Mobile, Legged & Aerial",Sailing robot,sailing-robot,3,sailing robot in robotics / how sailing robot works
Applications & Domains,Warehouse automation robot,warehouse-automation-robot,2,warehouse automation robot in robotics / how warehouse automation robot works
Applications & Domains,Autonomous mobile robot in logistics,autonomous-mobile-robot-in-logistics,2,autonomous mobile robot in logistics in robotics / how autonomous mobile robot in logistics works
Applications & Domains,Automated guided vehicle,automated-guided-vehicle,2,automated guided vehicle in robotics / how automated guided vehicle works
Applications & Domains,Palletizing robot,palletizing-robot,2,palletizing robot in robotics / how palletizing robot works
Applications & Domains,Sorting robot,sorting-robot,2,sorting robot in robotics / how sorting robot works
Applications & Domains,Last-mile delivery robot,last-mile-delivery-robot,2,last-mile delivery robot in robotics / how last-mile delivery robot works
Applications & Domains,Sidewalk delivery robot,sidewalk-delivery-robot,2,sidewalk delivery robot in robotics / how sidewalk delivery robot works
Applications & Domains,Agricultural robotics,agricultural-robotics,2,agricultural robotics in robotics / how agricultural robotics works
Applications & Domains,Harvesting robot,harvesting-robot,2,harvesting robot in robotics / how harvesting robot works
Applications & Domains,Crop monitoring drone,crop-monitoring-drone,2,crop monitoring drone in robotics / how crop monitoring drone works
Applications & Domains,Dairy milking robot,dairy-milking-robot,2,dairy milking robot in robotics / how dairy milking robot works
Applications & Domains,Surgical robotics,surgical-robotics,2,surgical robotics in robotics / how surgical robotics works
Applications & Domains,Laparoscopic robot,laparoscopic-robot,2,laparoscopic robot in robotics / how laparoscopic robot works
Applications & Domains,Prosthetic hand,prosthetic-hand,2,prosthetic hand in robotics / how prosthetic hand works
Applications & Domains,Assistive robot,assistive-robot,2,assistive robot in robotics / how assistive robot works
Applications & Domains,Elder care robot,elder-care-robot,2,elder care robot in robotics / how elder care robot works
Applications & Domains,Social robot,social-robot,2,social robot in robotics / how social robot works
Applications & Domains,Companion robot,companion-robot,2,companion robot in robotics / how companion robot works
Applications & Domains,Educational robot,educational-robot,2,educational robot in robotics / how educational robot works
Applications & Domains,Window cleaning robot,window-cleaning-robot,2,window cleaning robot in robotics / how window cleaning robot works
Applications & Domains,Lawn mowing robot,lawn-mowing-robot,2,lawn mowing robot in robotics / how lawn mowing robot works
Applications & Domains,Pool cleaning robot,pool-cleaning-robot,2,pool cleaning robot in robotics / how pool cleaning robot works
Applications & Domains,Inspection robot,inspection-robot,2,inspection robot in robotics / how inspection robot works
Applications & Domains,Pipeline inspection robot,pipeline-inspection-robot,2,pipeline inspection robot in robotics / how pipeline inspection robot works
Applications & Domains,Solar panel cleaning robot,solar-panel-cleaning-robot,2,solar panel cleaning robot in robotics / how solar panel cleaning robot works
Applications & Domains,Bricklaying robot,bricklaying-robot,2,bricklaying robot in robotics / how bricklaying robot works
Applications & Domains,Demolition robot,demolition-robot,2,demolition robot in robotics / how demolition robot works
Applications & Domains,Mining robot,mining-robot,2,mining robot in robotics / how mining robot works
Applications & Domains,Search and rescue robot,search-and-rescue-robot,2,search and rescue robot in robotics / how search and rescue robot works
Applications & Domains,Disaster response robot,disaster-response-robot,2,disaster response robot in robotics / how disaster response robot works
Applications & Domains,Nuclear decommissioning robot,nuclear-decommissioning-robot,2,nuclear decommissioning robot in robotics / how nuclear decommissioning robot works
Applications & Domains,Planetary rover,planetary-rover,2,planetary rover in robotics / how planetary rover works
Applications & Domains,Robotic arm on ISS,robotic-arm-on-iss,2,robotic arm on iss in robotics / how robotic arm on iss works
Applications & Domains,Satellite servicing robot,satellite-servicing-robot,2,satellite servicing robot in robotics / how satellite servicing robot works
Applications & Domains,Defense robot,defense-robot,2,defense robot in robotics / how defense robot works
Applications & Domains,Bomb disposal robot,bomb-disposal-robot,2,bomb disposal robot in robotics / how bomb disposal robot works
Applications & Domains,Humanoid robot for industry,humanoid-robot-for-industry,2,humanoid robot for industry in robotics / how humanoid robot for industry works
Applications & Domains,Bartender robot,bartender-robot,2,bartender robot in robotics / how bartender robot works
Applications & Domains,Cooking robot,cooking-robot,2,cooking robot in robotics / how cooking robot works
"Safety, HRI & Standards",Safety-rated monitored stop,safety-rated-monitored-stop,2,safety-rated monitored stop in robotics / how safety-rated monitored stop works
"Safety, HRI & Standards",Speed and separation monitoring,speed-and-separation-monitoring,2,speed and separation monitoring in robotics / how speed and separation monitoring works
"Safety, HRI & Standards",Power and force limiting,power-and-force-limiting,2,power and force limiting in robotics / how power and force limiting works
"Safety, HRI & Standards",ISO/TS 15066,isots-15066,2,iso/ts 15066 in robotics / how iso/ts 15066 works
"Safety, HRI & Standards",Emergency stop,emergency-stop,2,emergency stop in robotics / how emergency stop works
"Safety, HRI & Standards",Safety light curtain,safety-light-curtain,2,safety light curtain in robotics / how safety light curtain works
"Safety, HRI & Standards",Risk assessment for robots,risk-assessment-for-robots,2,risk assessment for robots in robotics / how risk assessment for robots works
"Safety, HRI & Standards",Explainable robotics,explainable-robotics,2,explainable robotics in robotics / how explainable robotics works
"Safety, HRI & Standards",Trust in automation,trust-in-automation,2,trust in automation in robotics / how trust in automation works
"Safety, HRI & Standards",Teleoperation interface,teleoperation-interface,2,teleoperation interface in robotics / how teleoperation interface works
"Safety, HRI & Standards",Shared autonomy,shared-autonomy,2,shared autonomy in robotics / how shared autonomy works
"Safety, HRI & Standards",Levels of autonomy,levels-of-autonomy,2,levels of autonomy in robotics / how levels of autonomy works
"Safety, HRI & Standards",Robot certification,robot-certification,2,robot certification in robotics / how robot certification works
"Safety, HRI & Standards",CE marking for robots,ce-marking-for-robots,2,ce marking for robots in robotics / how ce marking for robots works
"Safety, HRI & Standards",Cybersecurity in robotics,cybersecurity-in-robotics,2,cybersecurity in robotics in robotics / how cybersecurity in robotics works
"Safety, HRI & Standards",Fail-safe design,fail-safe-design,2,fail-safe design in robotics / how fail-safe design works
"Safety, HRI & Standards",Redundancy in robots,redundancy-in-robots,2,redundancy in robots in robotics / how redundancy in robots works
"Safety, HRI & Standards",Fault detection,fault-detection,2,fault detection in robotics / how fault detection works
"Safety, HRI & Standards",Fault-tolerant control,fault-tolerant-control,2,fault-tolerant control in robotics / how fault-tolerant control works
"Safety, HRI & Standards",Robot standards overview,robot-standards-overview,2,robot standards overview in robotics / how robot standards overview works
"Electronics, Comms & Materials",Microcontroller for robots,microcontroller-for-robots,2,microcontroller for robots in robotics / how microcontroller for robots works
"Electronics, Comms & Materials",Jetson for robotics,jetson-for-robotics,2,jetson for robotics in robotics / how jetson for robotics works
"Electronics, Comms & Materials",FPGA in robotics,fpga-in-robotics,2,fpga in robotics in robotics / how fpga in robotics works
"Electronics, Comms & Materials",Real-time operating system,real-time-operating-system,2,real-time operating system in robotics / how real-time operating system works
"Electronics, Comms & Materials",CAN bus,can-bus,2,can bus in robotics / how can bus works
"Electronics, Comms & Materials",EtherCAT,ethercat,2,ethercat in robotics / how ethercat works
"Electronics, Comms & Materials",Modbus,modbus,2,modbus in robotics / how modbus works
"Electronics, Comms & Materials",Serial communication UART,serial-communication-uart,2,serial communication uart in robotics / how serial communication uart works
"Electronics, Comms & Materials",I2C protocol,i2c-protocol,2,i2c protocol in robotics / how i2c protocol works
"Electronics, Comms & Materials",SPI protocol,spi-protocol,2,spi protocol in robotics / how spi protocol works
"Electronics, Comms & Materials",GPIO,gpio,2,gpio in robotics / how gpio works
"Electronics, Comms & Materials",Sensor fusion hardware,sensor-fusion-hardware,2,sensor fusion hardware in robotics / how sensor fusion hardware works
"Electronics, Comms & Materials",Edge computing for robots,edge-computing-for-robots,2,edge computing for robots in robotics / how edge computing for robots works
"Electronics, Comms & Materials",Onboard computing,onboard-computing,2,onboard computing in robotics / how onboard computing works
"Electronics, Comms & Materials",Printed circuit board,printed-circuit-board,2,printed circuit board in robotics / how printed circuit board works
"Electronics, Comms & Materials",Wiring harness,wiring-harness,2,wiring harness in robotics / how wiring harness works
"Electronics, Comms & Materials",Signal noise filtering,signal-noise-filtering,2,signal noise filtering in robotics / how signal noise filtering works
"Electronics, Comms & Materials",Electromagnetic interference,electromagnetic-interference,2,electromagnetic interference in robotics / how electromagnetic interference works
"Electronics, Comms & Materials",Robot materials,robot-materials,2,robot materials in robotics / how robot materials works
"Electronics, Comms & Materials",Carbon fiber in robots,carbon-fiber-in-robots,2,carbon fiber in robots in robotics / how carbon fiber in robots works
"Electronics, Comms & Materials",Aluminum extrusion,aluminum-extrusion,2,aluminum extrusion in robotics / how aluminum extrusion works
"Electronics, Comms & Materials",3D printing for robots,3d-printing-for-robots,2,3d printing for robots in robotics / how 3d printing for robots works
"Electronics, Comms & Materials",Injection molding,injection-molding,2,injection molding in robotics / how injection molding works
"Electronics, Comms & Materials",Compliant mechanisms,compliant-mechanisms,2,compliant mechanisms in robotics / how compliant mechanisms works
"Electronics, Comms & Materials",Flexure joints,flexure-joints,2,flexure joints in robotics / how flexure joints works
"Electronics, Comms & Materials",Cable management,cable-management,2,cable management in robotics / how cable management works
"Electronics, Comms & Materials",Slip ring,slip-ring,2,slip ring in robotics / how slip ring works
"Electronics, Comms & Materials",Enclosure design,enclosure-design,2,enclosure design in robotics / how enclosure design works
"Electronics, Comms & Materials",Ingress protection rating,ingress-protection-rating,2,ingress protection rating in robotics / how ingress protection rating works
Simulation & Digital,Robot simulation basics,robot-simulation-basics,3,robot simulation basics in robotics / how robot simulation basics works
Simulation & Digital,Physics engine,physics-engine,3,physics engine in robotics / how physics engine works
Simulation & Digital,Rigid body simulation,rigid-body-simulation,3,rigid body simulation in robotics / how rigid body simulation works
Simulation & Digital,Soft body simulation,soft-body-simulation,3,soft body simulation in robotics / how soft body simulation works
Simulation & Digital,Contact simulation,contact-simulation,3,contact simulation in robotics / how contact simulation works
Simulation & Digital,Digital twin in manufacturing,digital-twin-in-manufacturing,3,digital twin in manufacturing in robotics / how digital twin in manufacturing works
Simulation & Digital,Domain randomization in sim,domain-randomization-in-sim,3,domain randomization in sim in robotics / how domain randomization in sim works
Simulation & Digital,Photorealistic simulation,photorealistic-simulation,3,photorealistic simulation in robotics / how photorealistic simulation works
Simulation & Digital,Synthetic data generation,synthetic-data-generation,3,synthetic data generation in robotics / how synthetic data generation works
Simulation & Digital,Hardware-in-the-loop,hardware-in-the-loop,3,hardware-in-the-loop in robotics / how hardware-in-the-loop works
Simulation & Digital,Software-in-the-loop,software-in-the-loop,3,software-in-the-loop in robotics / how software-in-the-loop works
Simulation & Digital,Simulation-to-reality gap,simulation-to-reality-gap,3,simulation-to-reality gap in robotics / how simulation-to-reality gap works
Simulation & Digital,Benchmarking robots,benchmarking-robots,3,benchmarking robots in robotics / how benchmarking robots works
Simulation & Digital,Robot datasets,robot-datasets,3,robot datasets in robotics / how robot datasets works
Simulation & Digital,Evaluation metrics for robots,evaluation-metrics-for-robots,3,evaluation metrics for robots in robotics / how evaluation metrics for robots works
Simulation & Digital,Reproducibility in robotics,reproducibility-in-robotics,3,reproducibility in robotics in robotics / how reproducibility in robotics works
Simulation & Digital,Robot learning environments,robot-learning-environments,3,robot learning environments in robotics / how robot learning environments works
Simulation & Digital,Gym environments for robots,gym-environments-for-robots,3,gym environments for robots in robotics / how gym environments for robots works